{"v":"5.6.6","ip":0,"op":160,"fr":60,"w":500,"h":500,"layers":[{"ind":3071,"nm":"surface14335","ao":0,"ip":0,"op":264,"st":0,"ty":4,"ks":{"ty":"tr","o":{"k":100},"r":{"k":0},"p":{"k":[0,0]},"a":{"k":[0,0]},"s":{"k":[133.33,133.33]},"sk":{"k":0},"sa":{"k":0}},"shapes":[{"ty":"gr","hd":false,"nm":"surface14335","it":[{"ty":"gr","hd":false,"it":[{"ty":"sh","ks":{"k":{"i":[[0,0],[-2.54,1.05]],"o":[[0.51,-1],[0,0]],"v":[[251.78,60],[255.98,56.66]],"c":false}}},{"ty":"st","lc":2,"lj":2,"ml":4,"o":{"k":100},"w":{"k":1},"c":{"k":[1,1,1,1]},"hd":false},{"ty":"tr","o":{"k":100},"r":{"k":0},"p":{"k":[0,0]},"a":{"k":[0,0]},"s":{"k":[75,75]},"sk":{"k":0},"sa":{"k":0},"hd":false}]},{"ty":"gr","hd":false,"it":[{"ty":"sh","ks":{"k":{"i":[[0,0],[-0.35,0.64]],"o":[[-0.14,-0.71],[0,0]],"v":[[251.46,62.1],[251.78,60.02]],"c":false}}},{"ty":"st","lc":2,"lj":2,"ml":4,"o":{"k":100},"w":{"k":1},"c":{"k":[1,0.4431,0,1]},"hd":false},{"ty":"tr","o":{"k":100},"r":{"k":0},"p":{"k":[0,0]},"a":{"k":[0,0]},"s":{"k":[75,75]},"sk":{"k":0},"sa":{"k":0},"hd":false}]},{"ty":"gr","hd":false,"it":[{"ty":"sh","ks":{"k":{"i":[[0,0],[0,0]],"o":[[0,0],[0,0]],"v":[[243.1,67.98],[250.33,65.26]],"c":false}}},{"ty":"st","lc":2,"lj":2,"ml":4,"o":{"k":100},"w":{"k":1},"c":{"k":[1,0.4431,0,1]},"hd":false},{"ty":"tr","o":{"k":100},"r":{"k":0},"p":{"k":[0,0]},"a":{"k":[0,0]},"s":{"k":[75,75]},"sk":{"k":0},"sa":{"k":0},"hd":false}]},{"ty":"gr","hd":false,"it":[{"ty":"sh","ks":{"k":{"i":[[0,0],[0.47,-6.56],[-0.68,-1.13],[0,0],[-0.34,1.49],[0,1.1],[0,3.39],[-4.97,-0.22],[-3.62,4.07],[0,0],[0,3.61],[1.58,0],[0,2.94],[4.07,4.7],[0,-1.81],[0.9,0],[3.16,-2.26],[0,0],[0.08,-2.45]],"o":[[0,0],[-0.47,6.56],[0.68,1.13],[-0.91,-1.22],[0.68,-2.26],[0,-1.1],[0,-3.39],[4.97,0.22],[3.62,-4.07],[0,0],[0,-3.61],[-1.58,0],[0,-2.94],[-4.07,-4.7],[0,1.81],[-0.9,0],[0,0],[-1.92,1.53],[0,0]],"v":[[237.22,50.57],[222.53,62.33],[235.87,79.05],[238.58,77.69],[237.67,73.4],[241.29,67.3],[237.9,64.81],[251.23,59.61],[264.12,64.14],[262.53,58.95],[269.53,54.43],[264.33,48.32],[258.46,48.1],[258.68,39.1],[249.42,40.91],[247.16,46.1],[240.38,44.3],[240.38,44.29],[237.22,50.57]],"c":true}}},{"ty":"st","lc":2,"lj":2,"ml":4,"o":{"k":100},"w":{"k":1},"c":{"k":[1,0.4431,0,1]},"hd":false},{"ty":"fl","o":{"a":1,"k":[{"i":{"x":[0.67],"y":[1]},"o":{"x":[0.33],"y":[0]},"t":59,"s":[0]},{"t":109,"s":[100]}],"ix":5},"c":{"k":[1,0.4431,0,1]}},{"ty":"tr","o":{"k":100},"r":{"k":0},"p":{"k":[0,0]},"a":{"k":[0,0]},"s":{"k":[75,75]},"sk":{"k":0},"sa":{"k":0},"hd":false}]},{"ty":"gr","hd":false,"it":[{"ty":"sh","ks":{"k":{"i":[[0,0],[0,1.92],[0,-1.92]],"o":[[0,1.92],[0,-1.92],[0,0]],"v":[[193.17,50.05],[191.64,50.05],[193.17,50.05]],"c":false}}},{"ty":"fl","o":{"a":1,"k":[{"i":{"x":[0.67],"y":[1]},"o":{"x":[0.33],"y":[0]},"t":59,"s":[0]},{"t":109,"s":[100]}],"ix":5},"c":{"k":[1,0.4431,0,1]}},{"ty":"tr","o":{"k":100},"r":{"k":0},"p":{"k":[0,0]},"a":{"k":[0,0]},"s":{"k":[100,100]},"sk":{"k":0},"sa":{"k":0},"hd":false}]},{"ty":"gr","hd":false,"it":[{"ty":"sh","ks":{"k":{"i":[[0,0],[0.41,0],[0,0.8],[-0.41,0],[0,-0.79]],"o":[[0,0.8],[-0.41,0],[0,-0.8],[0.4,0],[0,0]],"v":[[187.07,52.76],[186.32,54.2],[185.57,52.76],[186.32,51.32],[187.07,52.76]],"c":true}}},{"ty":"fl","o":{"a":1,"k":[{"i":{"x":[0.67],"y":[1]},"o":{"x":[0.33],"y":[0]},"t":59,"s":[0]},{"t":109,"s":[100]}],"ix":5},"c":{"k":[1,0.4431,0,1]}},{"ty":"tr","o":{"k":100},"r":{"k":0},"p":{"k":[0,0]},"a":{"k":[0,0]},"s":{"k":[100,100]},"sk":{"k":0},"sa":{"k":0},"hd":false}]},{"ty":"gr","hd":false,"it":[{"ty":"sh","ks":{"k":{"i":[[0,0],[2.71,-2.94]],"o":[[0,0],[0,0]],"v":[[261.18,74.53],[258.69,79.28]],"c":false}}},{"ty":"st","lc":2,"lj":2,"ml":4,"o":{"k":100},"w":{"k":1},"c":{"k":[1,0.4431,0,1]},"hd":false},{"ty":"tr","o":{"k":100},"r":{"k":0},"p":{"k":[0,0]},"a":{"k":[0,0]},"s":{"k":[75,75]},"sk":{"k":0},"sa":{"k":0},"hd":false}]},{"ty":"gr","hd":false,"it":[{"ty":"sh","ks":{"k":{"i":[[0,0],[0,0],[0,0],[0,0]],"o":[[0,0],[0,0],[0,0],[0,0]],"v":[[253.72,67.52],[257.79,75.21],[253.72,77.92],[251.91,75.66]],"c":false}}},{"ty":"st","lc":2,"lj":2,"ml":4,"o":{"k":100},"w":{"k":1},"c":{"k":[1,0.4431,0,1]},"hd":false},{"ty":"tr","o":{"k":100},"r":{"k":0},"p":{"k":[0,0]},"a":{"k":[0,0]},"s":{"k":[75,75]},"sk":{"k":0},"sa":{"k":0},"hd":false}]},{"ty":"gr","hd":false,"it":[{"ty":"sh","ks":{"k":{"i":[[0,0],[-0.68,-2.22],[1.39,-2.03],[2.07,-0.2],[2.04,1.36],[0,0],[1.61,1.44],[-0.9,2.03],[0,0],[-2.22,-0.14],[0,0],[0,5.2],[-5.65,0],[0,0],[-3.55,-1.62]],"o":[[0,0],[0.68,2.22],[-1.07,1.79],[-1.58,0],[-2.04,-1.36],[-1.96,0.9],[-2.71,-2.49],[0,0],[0.9,-2.04],[2.49,0],[0,0],[0,-5.2],[0,0],[3.91,0.16],[0,0]],"v":[[261.63,62.33],[265.47,78.33],[260.47,91.44],[255.47,94.6],[243.26,90.31],[239.2,87.37],[233.32,86.47],[227.89,79.01],[227.89,79.01],[233.09,75.85],[234.68,75.62],[230.16,63.87],[245.52,54.87],[245.52,54.87],[256.82,57.58]],"c":true}}},{"ty":"st","lc":2,"lj":2,"ml":4,"o":{"k":100},"w":{"k":1},"c":{"k":[1,0.4431,0,1]},"hd":false},{"ty":"fl","o":{"a":1,"k":[{"i":{"x":[0.67],"y":[1]},"o":{"x":[0.33],"y":[0]},"t":59,"s":[0]},{"t":109,"s":[100]}],"ix":5},"c":{"k":[1,1,1,1]}},{"ty":"tr","o":{"k":100},"r":{"k":0},"p":{"k":[0,0]},"a":{"k":[0,0]},"s":{"k":[75,75]},"sk":{"k":0},"sa":{"k":0},"hd":false}]},{"ty":"gr","hd":false,"it":[{"ty":"sh","ks":{"k":{"i":[[0,0],[0,0],[0,0],[0,0],[0,0]],"o":[[0,0],[0,0],[0,0],[0,0],[0,0]],"v":[[225.02,121.77],[238.35,121.77],[238.13,127.19],[232.25,129.22],[224.79,127.19]],"c":true}}},{"ty":"st","lc":2,"lj":2,"ml":4,"o":{"k":100},"w":{"k":1},"c":{"k":[1,0.4431,0,1]},"hd":false},{"ty":"tr","o":{"k":100},"r":{"k":0},"p":{"k":[0,0]},"a":{"k":[0,0]},"s":{"k":[75,75]},"sk":{"k":0},"sa":{"k":0},"hd":false}]},{"ty":"gr","hd":false,"it":[{"ty":"sh","ks":{"k":{"i":[[0,0],[0.46,-2.26],[-1.59,1.59],[0,0],[0,0],[0,0],[0,0],[5.2,-2.26]],"o":[[0,0],[-0.46,2.26],[1.59,-1.59],[0,0],[0,0],[0,0],[0,0],[0,0]],"v":[[235.64,84.7],[229.76,104.14],[231.35,104.81],[237,99.39],[241.29,106.62],[241.06,93.29],[241.06,85.6],[235.64,84.7]],"c":true}}},{"ty":"st","lc":2,"lj":2,"ml":4,"o":{"k":100},"w":{"k":1},"c":{"k":[1,0.4431,0,1]},"hd":false},{"ty":"fl","o":{"a":1,"k":[{"i":{"x":[0.67],"y":[1]},"o":{"x":[0.33],"y":[0]},"t":59,"s":[0]},{"t":109,"s":[100]}],"ix":5},"c":{"k":[1,0.5569,0.2275,1]}},{"ty":"tr","o":{"k":100},"r":{"k":0},"p":{"k":[0,0]},"a":{"k":[0,0]},"s":{"k":[75,75]},"sk":{"k":0},"sa":{"k":0},"hd":false}]},{"ty":"gr","hd":false,"it":[{"ty":"sh","ks":{"k":{"i":[[0,0],[2.26,-0.72],[5.7,-2.71],[0,0],[-3.17,2.94],[0,0],[-2.54,1.26],[0,0],[0.23,1.58],[-4.29,2.04],[0,0]],"o":[[0,0],[-2.26,0.72],[-5.7,2.71],[0,0],[0,0],[2.11,-1.89],[0,0],[0,0],[-0.23,-1.58],[4.29,-2.04],[0,0]],"v":[[241.29,106.62],[239.93,170.62],[222.93,174.24],[214.57,178.08],[220.45,168.59],[220.45,168.59],[227.45,163.84],[221.58,133.56],[210.5,103.27],[235.36,87.9],[240.79,87.68]],"c":true}}},{"ty":"st","lc":2,"lj":2,"ml":4,"o":{"k":100},"w":{"k":1},"c":{"k":[1,0.4431,0,1]},"hd":false},{"ty":"fl","o":{"a":1,"k":[{"i":{"x":[0.67],"y":[1]},"o":{"x":[0.33],"y":[0]},"t":59,"s":[0]},{"t":109,"s":[100]}],"ix":5},"c":{"k":[1,0.5569,0.2275,1]}},{"ty":"tr","o":{"k":100},"r":{"k":0},"p":{"k":[0,0]},"a":{"k":[0,0]},"s":{"k":[75,75]},"sk":{"k":0},"sa":{"k":0},"hd":false}]},{"ty":"gr","hd":false,"it":[{"ty":"sh","ks":{"k":{"i":[[0,0],[0,0],[0,0],[-1.35,0.22],[0.45,2.48],[0.45,2.48],[0.25,-1.12],[0,0],[-0.12,-0.98]],"o":[[0,0],[0,0],[0,0],[1.35,-0.22],[-0.45,-2.48],[-0.45,-2.48],[0,0],[-0.12,0.98],[0,0]],"v":[[256.88,94.42],[256.43,108],[261.18,100.54],[267.73,106.87],[266.39,101.45],[261.64,87.66],[256.64,85.84],[256.63,85.85],[256.63,88.79]],"c":true}}},{"ty":"st","lc":2,"lj":2,"ml":4,"o":{"k":100},"w":{"k":1},"c":{"k":[1,0.4431,0,1]},"hd":false},{"ty":"fl","o":{"a":1,"k":[{"i":{"x":[0.67],"y":[1]},"o":{"x":[0.33],"y":[0]},"t":59,"s":[0]},{"t":109,"s":[100]}],"ix":5},"c":{"k":[1,0.5569,0.2275,1]}},{"ty":"tr","o":{"k":100},"r":{"k":0},"p":{"k":[0,0]},"a":{"k":[0,0]},"s":{"k":[75,75]},"sk":{"k":0},"sa":{"k":0},"hd":false}]},{"ty":"gr","hd":false,"it":[{"ty":"sh","ks":{"k":{"i":[[0,0],[0,0],[-3.45,0.05],[0,0],[0,0]],"o":[[0,0],[2.09,2.75],[5.65,-0.22],[0,0],[0,0]],"v":[[240.39,85.83],[241.52,102.33],[250.33,106.62],[256.66,102.33],[256.66,88.77]],"c":true}}},{"ty":"st","lc":2,"lj":2,"ml":4,"o":{"k":100},"w":{"k":1},"c":{"k":[1,0.4431,0,1]},"hd":false},{"ty":"fl","o":{"a":1,"k":[{"i":{"x":[0.67],"y":[1]},"o":{"x":[0.33],"y":[0]},"t":59,"s":[0]},{"t":109,"s":[100]}],"ix":5},"c":{"k":[1,1,1,1]}},{"ty":"tr","o":{"k":100},"r":{"k":0},"p":{"k":[0,0]},"a":{"k":[0,0]},"s":{"k":[75,75]},"sk":{"k":0},"sa":{"k":0},"hd":false}]},{"ty":"gr","hd":false,"it":[{"ty":"sh","ks":{"k":{"i":[[0,0],[-3.65,0.7]],"o":[[3.71,0.1],[0,0]],"v":[[296.66,77.69],[307.73,76.79]],"c":false}}},{"ty":"st","lc":2,"lj":2,"ml":4,"o":{"k":100},"w":{"k":1},"c":{"k":[1,0.4431,0,1]},"hd":false},{"ty":"tr","o":{"k":100},"r":{"k":0},"p":{"k":[0,0]},"a":{"k":[0,0]},"s":{"k":[75,75]},"sk":{"k":0},"sa":{"k":0},"hd":false}]},{"ty":"gr","hd":false,"it":[{"ty":"sh","ks":{"k":{"i":[[0,0],[-8.59,3.39]],"o":[[0,0],[0,0]],"v":[[290.78,76.11],[305.02,73.85]],"c":false}}},{"ty":"st","lc":2,"lj":2,"ml":4,"o":{"k":100},"w":{"k":1},"c":{"k":[1,0.4431,0,1]},"hd":false},{"ty":"tr","o":{"k":100},"r":{"k":0},"p":{"k":[0,0]},"a":{"k":[0,0]},"s":{"k":[75,75]},"sk":{"k":0},"sa":{"k":0},"hd":false}]},{"ty":"gr","hd":false,"it":[{"ty":"sh","ks":{"k":{"i":[[0,0],[0,0],[0,0]],"o":[[0,0],[0,0],[0,0]],"v":[[280.61,91.48],[277.9,115.21],[284.91,95.1]],"c":false}}},{"ty":"st","lc":2,"lj":2,"ml":4,"o":{"k":100},"w":{"k":1},"c":{"k":[1,0.4431,0,1]},"hd":false},{"ty":"tr","o":{"k":100},"r":{"k":0},"p":{"k":[0,0]},"a":{"k":[0,0]},"s":{"k":[75,75]},"sk":{"k":0},"sa":{"k":0},"hd":false}]},{"ty":"gr","hd":false,"it":[{"ty":"sh","ks":{"k":{"i":[[0,0],[0,0],[0,0],[0,0],[0,0]],"o":[[0,0],[0,0],[0,0],[0,0],[0,0]],"v":[[273.61,118.6],[261.4,120.18],[262.53,124.7],[268.64,126.28],[274.51,123.57]],"c":true}}},{"ty":"st","lc":2,"lj":2,"ml":4,"o":{"k":100},"w":{"k":1},"c":{"k":[1,0.4431,0,1]},"hd":false},{"ty":"tr","o":{"k":100},"r":{"k":0},"p":{"k":[0,0]},"a":{"k":[0,0]},"s":{"k":[75,75]},"sk":{"k":0},"sa":{"k":0},"hd":false}]},{"ty":"gr","hd":false,"it":[{"ty":"sh","ks":{"k":{"i":[[0,0],[-3.48,0.08],[0,0],[0,0],[0,0],[0,0],[-8.36,-1.58],[-0.68,0],[0.68,-1.8],[6.35,-6.1],[3.67,-4.51],[0,0],[-1.36,-1.35],[0,0],[3.62,0.45],[0.68,1.32],[0,0],[0,0],[-3.39,0]],"o":[[3.44,-0.52],[4.52,0],[0,0],[0,0],[0,0],[0,0],[8.36,1.58],[0.68,0],[-0.68,1.8],[-4.16,4.07],[0,0],[0,0],[1.36,1.35],[0,0],[-3.62,-0.45],[-0.68,-1.32],[0,0],[0.01,-0.01],[0,0]],"v":[[260.05,87.64],[270.44,86.73],[279.44,86.96],[290.74,76.11],[268,70.91],[269.81,60.52],[294.89,60.97],[317.04,66.62],[317.94,70.91],[289.65,102.33],[277.9,115.21],[275,165.61],[283.82,171.03],[286.76,177.81],[269.34,171.71],[262.79,169.71],[256.46,108.02],[256.69,88.81],[260.05,87.64]],"c":true}}},{"ty":"st","lc":2,"lj":2,"ml":4,"o":{"k":100},"w":{"k":1},"c":{"k":[1,0.4431,0,1]},"hd":false},{"ty":"fl","o":{"a":1,"k":[{"i":{"x":[0.67],"y":[1]},"o":{"x":[0.33],"y":[0]},"t":59,"s":[0]},{"t":109,"s":[100]}],"ix":5},"c":{"k":[1,0.5569,0.2275,1]}},{"ty":"tr","o":{"k":100},"r":{"k":0},"p":{"k":[0,0]},"a":{"k":[0,0]},"s":{"k":[75,75]},"sk":{"k":0},"sa":{"k":0},"hd":false}]},{"ty":"gr","hd":false,"it":[{"ty":"sh","ks":{"k":{"i":[[0,0],[2.26,-2.26],[0,0],[0,0],[-7.91,0],[-2.05,1.58],[0,0],[4.93,-0.68]],"o":[[0,0],[-2.26,2.26],[0,0],[0,0],[7.91,0],[2.05,-1.58],[0,0],[0,0]],"v":[[248.07,86.06],[239.26,87.41],[229.31,98],[233.38,169.87],[250.56,173.49],[269.56,168.97],[269.79,90.32],[248.07,86.06]],"c":true}}},{"ty":"st","lc":2,"lj":2,"ml":4,"o":{"k":100},"w":{"k":1},"c":{"k":[1,0.4431,0,1]},"hd":false},{"ty":"fl","o":{"a":1,"k":[{"i":{"x":[0.67],"y":[1]},"o":{"x":[0.33],"y":[0]},"t":59,"s":[0]},{"t":109,"s":[100]}],"ix":5},"c":{"k":[0.9961,0.9608,0.7412,1]}},{"ty":"tr","o":{"k":100},"r":{"k":0},"p":{"k":[0,0]},"a":{"k":[0,0]},"s":{"k":[75,75]},"sk":{"k":0},"sa":{"k":0},"hd":false}]},{"ty":"gr","hd":false,"it":[{"ty":"sh","ks":{"k":{"i":[[0,0],[0.45,-3.39]],"o":[[0,0],[0,0]],"v":[[258.24,174],[253.72,181.91]],"c":false}}},{"ty":"st","lc":2,"lj":2,"ml":4,"o":{"k":100},"w":{"k":1},"c":{"k":[0.44,0.44,0.44,1]},"hd":false},{"ty":"tr","o":{"k":100},"r":{"k":0},"p":{"k":[0,0]},"a":{"k":[0,0]},"s":{"k":[75,75]},"sk":{"k":0},"sa":{"k":0},"hd":false}]},{"ty":"gr","hd":false,"it":[{"ty":"sh","ks":{"k":{"i":[[0,0],[-1.36,-7.01]],"o":[[0,0],[0,0]],"v":[[242.42,173.52],[251.01,188.89]],"c":false}}},{"ty":"st","lc":2,"lj":2,"ml":4,"o":{"k":100},"w":{"k":1},"c":{"k":[0.44,0.44,0.44,1]},"hd":false},{"ty":"tr","o":{"k":100},"r":{"k":0},"p":{"k":[0,0]},"a":{"k":[0,0]},"s":{"k":[75,75]},"sk":{"k":0},"sa":{"k":0},"hd":false}]},{"ty":"gr","hd":false,"it":[{"ty":"sh","ks":{"k":{"i":[[0,0],[1.36,4.52],[0,0]],"o":[[0,0],[-1.36,-4.52],[0,0]],"v":[[234.06,203.13],[233.38,186.18],[229.76,179.85]],"c":false}}},{"ty":"st","lc":2,"lj":2,"ml":4,"o":{"k":100},"w":{"k":1},"c":{"k":[0.44,0.44,0.44,1]},"hd":false},{"ty":"tr","o":{"k":100},"r":{"k":0},"p":{"k":[0,0]},"a":{"k":[0,0]},"s":{"k":[75,75]},"sk":{"k":0},"sa":{"k":0},"hd":false}]},{"ty":"gr","hd":false,"it":[{"ty":"sh","ks":{"k":{"i":[[0,0],[-6.56,5.65]],"o":[[0,0],[0,0]],"v":[[268.41,203.13],[273.61,182.56]],"c":false}}},{"ty":"st","lc":2,"lj":2,"ml":4,"o":{"k":100},"w":{"k":1},"c":{"k":[0.44,0.44,0.44,1]},"hd":false},{"ty":"tr","o":{"k":100},"r":{"k":0},"p":{"k":[0,0]},"a":{"k":[0,0]},"s":{"k":[75,75]},"sk":{"k":0},"sa":{"k":0},"hd":false}]},{"ty":"gr","hd":false,"it":[{"ty":"sh","ks":{"k":{"i":[[0,0],[0,0],[7.03,-0.96],[10.55,-10.73],[0,-4.07],[0,0],[-6.33,-0.45],[0,0],[0,0],[-1.83,0.22],[-0.96,0.12],[0,0],[0,0],[-1.79,-0.37],[0,0],[-0.67,-0.09],[0,0],[0,0],[-6.29,0.45],[0,0],[0,4.07]],"o":[[0,-4.07],[-10.55,-10.73],[-7,-1],[0,0],[0,4.07],[0,0],[6.33,0.45],[0,0],[0,0],[0.66,-0.09],[0,0],[0,0],[1.79,-0.37],[0,0],[1,0.12],[1.81,0.22],[0,0],[0,0],[6.29,-0.45],[0.01,0.01],[0,0]],"v":[[294.85,186.63],[287.85,178.04],[251.23,169.69],[214.62,178.04],[207.62,186.63],[216.44,264.15],[222.54,268.44],[231.54,265.28],[234.03,203.13],[246.03,195.67],[248.51,195.32],[248.51,195.44],[248.51,195.44],[253.94,195.44],[253.94,195.32],[256.42,195.67],[268.42,203.12],[270.91,265.28],[279.91,268.44],[286.01,264.15],[294.85,186.63]],"c":true}}},{"ty":"st","lc":2,"lj":2,"ml":4,"o":{"k":100},"w":{"k":1},"c":{"k":[1,0.4431,0,1]},"hd":false},{"ty":"fl","o":{"a":1,"k":[{"i":{"x":[0.67],"y":[1]},"o":{"x":[0.33],"y":[0]},"t":59,"s":[0]},{"t":109,"s":[100]}],"ix":5},"c":{"k":[1,0.4431,0,1]}},{"ty":"tr","o":{"k":100},"r":{"k":0},"p":{"k":[0,0]},"a":{"k":[0,0]},"s":{"k":[75,75]},"sk":{"k":0},"sa":{"k":0},"hd":false}]},{"ty":"gr","hd":false,"it":[{"ty":"sh","ks":{"k":{"i":[[0,0],[-7.01,2.26],[0,0],[-1.3,1.55],[2.37,-0.82],[1.59,3.39],[2.48,3.39],[-0.9,4.52],[-2.52,-2.94],[-1.36,-2.04]],"o":[[1.35,2],[0,0],[1.95,-0.51],[-0.31,2.48],[-4.74,1.58],[-1.59,-3.39],[-2.48,-3.39],[0,5.42],[2.52,2.94],[0,0]],"v":[[280.64,283.36],[290.81,288.56],[290.81,288.56],[295.81,285.41],[291.44,290.82],[279.01,284.71],[275.4,276.13],[271.78,264.83],[276.3,274.09],[280.64,283.36]],"c":true}}},{"ty":"st","lc":2,"lj":2,"ml":4,"o":{"k":100},"w":{"k":1},"c":{"k":[1,0.4431,0,1]},"hd":false},{"ty":"fl","o":{"a":1,"k":[{"i":{"x":[0.67],"y":[1]},"o":{"x":[0.33],"y":[0]},"t":59,"s":[0]},{"t":109,"s":[100]}],"ix":5},"c":{"k":[1,1,1,1]}},{"ty":"tr","o":{"k":100},"r":{"k":0},"p":{"k":[0,0]},"a":{"k":[0,0]},"s":{"k":[75,75]},"sk":{"k":0},"sa":{"k":0},"hd":false}]},{"ty":"gr","hd":false,"it":[{"ty":"sh","ks":{"k":{"i":[[0,0],[-0.44,0.77],[-4,-1.19],[4.31,-1.44],[2.07,3.21]],"o":[[0.31,-0.68],[3.63,-6.39],[2.63,5.37],[-4.31,1.44],[0,0]],"v":[[279.52,285.53],[280.64,283.36],[294.64,278.67],[291.46,290.82],[279.52,285.53]],"c":true}}},{"ty":"st","lc":2,"lj":2,"ml":4,"o":{"k":100},"w":{"k":1},"c":{"k":[1,0.4431,0,1]},"hd":false},{"ty":"fl","o":{"a":1,"k":[{"i":{"x":[0.67],"y":[1]},"o":{"x":[0.33],"y":[0]},"t":59,"s":[0]},{"t":109,"s":[100]}],"ix":5},"c":{"k":[1,1,1,1]}},{"ty":"tr","o":{"k":100},"r":{"k":0},"p":{"k":[0,0]},"a":{"k":[0,0]},"s":{"k":[75,75]},"sk":{"k":0},"sa":{"k":0},"hd":false}]},{"ty":"gr","hd":false,"it":[{"ty":"sh","ks":{"k":{"i":[[0,0],[-2.93,-4.31],[4.75,-1.59],[1.59,3.39],[2.48,3.39],[-0.9,4.52],[-2.48,-3.16]],"o":[[3.39,3.95],[3.85,5.88],[-4.75,1.59],[-1.59,-3.39],[-2.48,-3.39],[0.9,-4.52],[0,0]],"v":[[284.25,264.6],[293.74,277],[291.48,290.79],[279.05,284.68],[275.44,276.1],[271.82,264.8],[284.25,264.6]],"c":true}}},{"ty":"st","lc":2,"lj":2,"ml":4,"o":{"k":100},"w":{"k":1},"c":{"k":[1,0.4431,0,1]},"hd":false},{"ty":"fl","o":{"a":1,"k":[{"i":{"x":[0.67],"y":[1]},"o":{"x":[0.33],"y":[0]},"t":59,"s":[0]},{"t":109,"s":[100]}],"ix":5},"c":{"k":[1,0.5569,0.2275,1]}},{"ty":"tr","o":{"k":100},"r":{"k":0},"p":{"k":[0,0]},"a":{"k":[0,0]},"s":{"k":[75,75]},"sk":{"k":0},"sa":{"k":0},"hd":false}]},{"ty":"gr","hd":false,"it":[{"ty":"sh","ks":{"k":{"i":[[0,0],[7.01,2.26],[0,0],[1.3,1.55],[-2.36,-0.82],[-1.59,3.39],[-2.48,3.39],[0.9,4.52],[2.52,-2.94],[1.36,-2.04]],"o":[[-1.35,2],[0,0],[-1.95,-0.51],[0.31,2.48],[4.74,1.58],[1.59,-3.39],[2.48,-3.39],[0,5.42],[-2.52,2.94],[0,0]],"v":[[221.17,283.36],[211,288.56],[211,288.56],[206,285.41],[210.37,290.82],[222.8,284.71],[226.41,276.13],[230.03,264.83],[225.51,274.09],[221.17,283.36]],"c":true}}},{"ty":"st","lc":2,"lj":2,"ml":4,"o":{"k":100},"w":{"k":1},"c":{"k":[1,0.4431,0,1]},"hd":false},{"ty":"fl","o":{"a":1,"k":[{"i":{"x":[0.67],"y":[1]},"o":{"x":[0.33],"y":[0]},"t":59,"s":[0]},{"t":109,"s":[100]}],"ix":5},"c":{"k":[1,1,1,1]}},{"ty":"tr","o":{"k":100},"r":{"k":0},"p":{"k":[0,0]},"a":{"k":[0,0]},"s":{"k":[75,75]},"sk":{"k":0},"sa":{"k":0},"hd":false}]},{"ty":"gr","hd":false,"it":[{"ty":"sh","ks":{"k":{"i":[[0,0],[0.44,0.77],[4,-1.19],[-4.31,-1.44],[-2.08,3.21]],"o":[[-0.32,-0.68],[-3.63,-6.39],[-2.63,5.37],[4.31,1.44],[0,0]],"v":[[222.3,285.53],[221.17,283.36],[207.17,278.67],[210.35,290.82],[222.3,285.53]],"c":true}}},{"ty":"st","lc":2,"lj":2,"ml":4,"o":{"k":100},"w":{"k":1},"c":{"k":[1,0.4431,0,1]},"hd":false},{"ty":"fl","o":{"a":1,"k":[{"i":{"x":[0.67],"y":[1]},"o":{"x":[0.33],"y":[0]},"t":59,"s":[0]},{"t":109,"s":[100]}],"ix":5},"c":{"k":[1,1,1,1]}},{"ty":"tr","o":{"k":100},"r":{"k":0},"p":{"k":[0,0]},"a":{"k":[0,0]},"s":{"k":[75,75]},"sk":{"k":0},"sa":{"k":0},"hd":false}]},{"ty":"gr","hd":false,"it":[{"ty":"sh","ks":{"k":{"i":[[0,0],[2.93,-4.31],[-4.75,-1.59],[-1.59,3.39],[-2.48,3.39],[0.9,4.52],[2.44,-3.16]],"o":[[-3.4,3.95],[-3.85,5.88],[4.75,1.59],[1.59,-3.39],[2.48,-3.39],[-0.9,-4.52],[0,0]],"v":[[217.56,264.6],[208.07,277],[210.33,290.79],[222.76,284.68],[226.37,276.1],[229.99,264.8],[217.56,264.6]],"c":true}}},{"ty":"st","lc":2,"lj":2,"ml":4,"o":{"k":100},"w":{"k":1},"c":{"k":[1,0.4431,0,1]},"hd":false},{"ty":"fl","o":{"a":1,"k":[{"i":{"x":[0.67],"y":[1]},"o":{"x":[0.33],"y":[0]},"t":59,"s":[0]},{"t":109,"s":[100]}],"ix":5},"c":{"k":[1,0.5569,0.2275,1]}},{"ty":"tr","o":{"k":100},"r":{"k":0},"p":{"k":[0,0]},"a":{"k":[0,0]},"s":{"k":[75,75]},"sk":{"k":0},"sa":{"k":0},"hd":false}]},{"ty":"gr","hd":false,"it":[{"ty":"sh","ks":{"k":{"i":[[0,0],[0,0],[0,0],[0,0],[0,0]],"o":[[0,0],[0,0],[0,0],[0,0],[0,0]],"v":[[270.75,61.83],[266.2,61.11],[256.88,57.58],[256.54,68.65],[270.99,69.98]],"c":true}}},{"ty":"st","lc":2,"lj":2,"ml":4,"o":{"k":100},"w":{"k":1},"c":{"k":[1,0.4431,0,1]},"hd":false},{"ty":"fl","o":{"a":1,"k":[{"i":{"x":[0.67],"y":[1]},"o":{"x":[0.33],"y":[0]},"t":59,"s":[0]},{"t":109,"s":[100]}],"ix":5},"c":{"k":[1,1,1,1]}},{"ty":"tr","o":{"k":100},"r":{"k":0},"p":{"k":[0,0]},"a":{"k":[0,0]},"s":{"k":[75,75]},"sk":{"k":0},"sa":{"k":0},"hd":false}]},{"ty":"gr","hd":false,"it":[{"ty":"sh","ks":{"k":{"i":[[0,0],[0,0],[0,0],[0,0],[0,0],[0,0]],"o":[[0,0],[0,0],[0,0],[0,0],[0,0],[0,0]],"v":[[210.55,103.23],[203.09,160.41],[197.9,191.37],[209.42,194.09],[218.01,157.47],[222.08,134.42]],"c":true}}},{"ty":"st","lc":2,"lj":2,"ml":4,"o":{"k":100},"w":{"k":1},"c":{"k":[1,0.4431,0,1]},"hd":false},{"ty":"fl","o":{"a":1,"k":[{"i":{"x":[0.67],"y":[1]},"o":{"x":[0.33],"y":[0]},"t":59,"s":[0]},{"t":109,"s":[100]}],"ix":5},"c":{"k":[1,0.5569,0.2275,1]}},{"ty":"tr","o":{"k":100},"r":{"k":0},"p":{"k":[0,0]},"a":{"k":[0,0]},"s":{"k":[75,75]},"sk":{"k":0},"sa":{"k":0},"hd":false}]},{"ty":"gr","hd":false,"it":[{"ty":"sh","ks":{"k":{"i":[[0,0],[2.54,-1.35],[-0.92,0],[0,0],[-1.07,0.59],[0,0]],"o":[[-2.22,1.82],[-2.89,1.3],[0.92,0],[0,0],[1.07,-0.59],[0,0]],"v":[[196.47,199],[189.32,203.76],[187.24,207.03],[196.32,203.61],[204.8,201.08],[205.98,197.21]],"c":false}}},{"ty":"st","lc":2,"lj":2,"ml":4,"o":{"k":100},"w":{"k":1},"c":{"k":[1,0.4431,0,1]},"hd":false},{"ty":"fl","o":{"a":1,"k":[{"i":{"x":[0.67],"y":[1]},"o":{"x":[0.33],"y":[0]},"t":59,"s":[0]},{"t":109,"s":[100]}],"ix":5},"c":{"k":[1,1,1,1]}},{"ty":"tr","o":{"k":100},"r":{"k":0},"p":{"k":[0,0]},"a":{"k":[0,0]},"s":{"k":[75,75]},"sk":{"k":0},"sa":{"k":0},"hd":false}]},{"ty":"gr","hd":false,"it":[{"ty":"sh","ks":{"k":{"i":[[0,0],[0,0],[0,-0.91],[-0.66,-0.26],[-0.5,0.2],[0,0],[0,0]],"o":[[0,0],[0,0],[0,0.91],[0.5,0.2],[0,0],[0,0],[0,0]],"v":[[199.87,190.85],[197.78,195.41],[185.64,197.63],[186.43,205.07],[187.99,205.07],[205.87,200.5],[207.57,192.41]],"c":true}}},{"ty":"st","lc":2,"lj":2,"ml":4,"o":{"k":100},"w":{"k":1},"c":{"k":[1,0.4431,0,1]},"hd":false},{"ty":"fl","o":{"a":1,"k":[{"i":{"x":[0.67],"y":[1]},"o":{"x":[0.33],"y":[0]},"t":59,"s":[0]},{"t":109,"s":[100]}],"ix":5},"c":{"k":[1,1,1,1]}},{"ty":"tr","o":{"k":100},"r":{"k":0},"p":{"k":[0,0]},"a":{"k":[0,0]},"s":{"k":[75,75]},"sk":{"k":0},"sa":{"k":0},"hd":false}]},{"ty":"gr","hd":false,"it":[{"ty":"sh","ks":{"k":{"i":[[0,0],[22.62,0],[0,5.05],[-22.62,0],[0,-5.06]],"o":[[0,5.05],[-22.62,0],[0,-5.06],[22.62,0],[0,0]],"v":[[222.16,350.84],[181.21,360],[140.25,350.84],[181.21,341.68],[222.16,350.84]],"c":false}}},{"ty":"fl","o":{"a":1,"k":[{"i":{"x":[0.67],"y":[1]},"o":{"x":[0.33],"y":[0]},"t":59,"s":[0]},{"t":109,"s":[100]}],"ix":5},"c":{"k":[1,0.4431,0,1]}},{"ty":"tr","o":{"k":100},"r":{"k":0},"p":{"k":[0,0]},"a":{"k":[0,0]},"s":{"k":[100,100]},"sk":{"k":0},"sa":{"k":0},"hd":false}]},{"ty":"gr","hd":false,"it":[{"ty":"sh","ks":{"k":{"i":[[0,0],[0,0],[0,36.24],[19.02,0],[0,-16.09],[0,0],[4.02,0],[0,0],[0,2.56],[0,0],[-51.57,0],[0,-42.8],[0,-33.28],[0,0],[4.02,0],[0,0],[0,4.02]],"o":[[0,0],[0,-50.84],[0,-15.73],[-20.85,0],[0,0],[0,4],[0,0],[-3.65,0],[0,0],[0,-44.26],[50.47,0],[0,60.71],[0,0],[0,4],[0,0],[-4.03,0.03],[0,0]],"v":[[215.41,359.07],[215.41,349.19],[279.78,259.95],[247.96,233.95],[213.96,261.38],[213.96,265.38],[207.74,271.24],[168.6,269.77],[162.4,265.38],[162.4,261.38],[249.08,186.77],[332.08,258.09],[266.61,352.45],[266.61,359.04],[260.39,365.24],[221.63,365.25],[215.41,359.07]],"c":true}}},{"ty":"sh","ks":{"k":{"i":[[0,0],[-17.19,0],[0,-16.09],[16.79,0],[0,16.05]],"o":[[0,-16.09],[16.46,0],[0.01,16.09],[-17.21,0],[0,0]],"v":[[212.12,418],[243.57,388.74],[274.66,418],[243.21,447.21],[212.12,418]],"c":true}}},{"ty":"st","lc":1,"lj":1,"ml":10,"o":{"k":100},"w":{"k":1},"c":{"k":[0.9961,0.9608,0.7412,1]},"hd":false},{"ty":"fl","o":{"a":1,"k":[{"i":{"x":[0.67],"y":[1]},"o":{"x":[0.33],"y":[0]},"t":59,"s":[0]},{"t":109,"s":[100]}],"ix":5},"c":{"k":[0.9961,0.9608,0.7412,1]}},{"ty":"tr","o":{"k":100},"r":{"k":0},"p":{"k":[0,0]},"a":{"k":[0,0]},"s":{"k":[75,75]},"sk":{"k":0},"sa":{"k":0},"hd":false}]},{"ty":"gr","hd":false,"it":[{"ty":"sh","ks":{"k":{"i":[[0,0],[0,-33.2],[0,0],[-0.87,-0.51],[-0.19,-0.12],[-0.19,-0.12],[-0.19,-0.12],[-0.19,-0.12],[-0.19,-0.12],[-0.19,-0.12],[-0.19,-0.12],[-0.19,-0.12],[-0.19,-0.12],[-0.21,-0.13],[-0.17,-0.11],[-0.19,-0.12],[-0.19,-0.12],[-0.19,-0.12],[-0.19,-0.12],[-0.19,-0.12],[-0.19,-0.12],[-0.19,-0.12],[-0.19,-0.12],[-0.19,-0.12],[-1.15,0.06],[0,0],[0,2.48],[0,0],[-12.89,0],[0,-9.7],[0,0],[0.21,-1.09],[0,-30.8],[0,0],[-3.02,0],[0,0],[0,3.02],[0,0],[0,45.53],[37.85,0]],"o":[[-38.68,0],[0,0],[0.02,1.01],[0.16,0.16],[0.16,0.16],[0.16,0.16],[0.16,0.16],[0.16,0.16],[0.16,0.16],[0.16,0.16],[0.16,0.16],[0.16,0.16],[0.18,0.17],[0.15,0.14],[0.16,0.16],[0.16,0.16],[0.16,0.16],[0.16,0.16],[0.16,0.16],[0.16,0.16],[0.16,0.16],[0.16,0.16],[0.16,0.16],[0.87,0.76],[0,0],[2.48,0],[0,0],[0,-9.92],[11.72,0],[0,0],[0,1.11],[-12.11,15.87],[0,0],[0,3],[0,0],[3,0],[0,0],[0,-24.96],[0,-32.09],[0,0]],"v":[[186.8,140.1],[121.79,196.06],[121.79,199.06],[123.21,201.5],[123.73,201.92],[124.27,202.34],[124.8,202.76],[125.33,203.18],[125.86,203.6],[126.39,204.03],[126.92,204.45],[127.45,204.87],[127.98,205.29],[128.56,205.74],[129.05,206.12],[129.58,206.54],[130.1,206.96],[130.64,207.38],[131.17,207.8],[131.69,208.22],[132.23,208.64],[132.75,209.06],[133.28,209.48],[133.81,209.9],[136.96,211],[161.08,211.89],[164.91,208.29],[164.91,205.81],[185.91,188.9],[205.52,204.91],[205.52,204.91],[205.21,208.21],[161.59,261.88],[161.59,269.29],[166.26,273.95],[195.3,273.95],[199.96,269.29],[199.96,264.35],[249.07,193.58],[186.8,140.1]],"c":true}}},{"ty":"fl","o":{"a":1,"k":[{"i":{"x":[0.67],"y":[1]},"o":{"x":[0.33],"y":[0]},"t":59,"s":[0]},{"t":109,"s":[100]}],"ix":5},"c":{"k":[1,0.4431,0,1]}},{"ty":"tr","o":{"k":100},"r":{"k":0},"p":{"k":[0,0]},"a":{"k":[0,0]},"s":{"k":[100,100]},"sk":{"k":0},"sa":{"k":0},"hd":false}]},{"ty":"gr","hd":false,"it":[{"ty":"sh","ks":{"k":{"i":[[0,0],[0.06,0.16],[0.06,0.16],[0.06,0.16],[0.06,0.16],[0.06,0.16],[0.06,0.16],[0,0],[0.05,0.16],[0,0],[0.05,0.16],[0,0],[0.05,0.16],[0,0],[0.05,0.16],[0,0],[0.06,0.16],[0.06,0.16],[0.06,0.16],[0.06,0.16],[8.32,0],[2.93,-6.61],[0.07,-0.15],[0,0],[0.07,-0.16],[0.07,-0.15],[0,0],[0.07,-0.16],[0.07,-0.16],[0.07,-0.16],[0,0],[0.07,-0.15],[0.07,-0.15],[0,0],[0.07,-0.16],[0.07,-0.15],[0,0],[0.07,-0.16],[0.07,-0.16],[0,0],[0.07,-0.15],[0.07,-0.16],[0,0],[-0.01,-3.03],[-12.89,0],[0,12.07],[0,0],[0.79,2.16],[0.06,0.16]],"o":[[-0.05,-0.16],[-0.06,-0.16],[-0.06,-0.16],[-0.06,-0.16],[-0.06,-0.16],[-0.06,-0.16],[0,0],[-0.05,-0.16],[0,0],[-0.05,-0.16],[0,0],[-0.05,-0.16],[0,0],[-0.05,-0.16],[0,0],[-0.05,-0.16],[-0.06,-0.16],[-0.06,-0.16],[-0.06,-0.16],[-2.45,-7.44],[-8.06,0],[-0.07,0.15],[0,0],[-0.07,0.15],[-0.07,0.16],[0,0],[-0.07,0.16],[-0.07,0.16],[-0.07,0.16],[0,0],[-0.07,0.15],[-0.07,0.15],[0,0],[-0.07,0.15],[-0.07,0.16],[0,0],[-0.07,0.16],[-0.07,0.16],[0,0],[-0.07,0.15],[-0.07,0.15],[0,0],[-1.29,2.74],[0,12.07],[12.61,0],[0,0],[0,-2.3],[-0.05,-0.22],[0,0]],"v":[[204.64,306.22],[204.47,305.75],[204.31,305.27],[204.14,304.79],[203.98,304.31],[203.82,303.84],[203.65,303.36],[203.49,302.89],[203.32,302.41],[203.16,301.93],[203,301.45],[202.83,300.98],[202.67,300.5],[202.5,300],[202.34,299.52],[202.16,299.05],[202,298.57],[201.84,298.09],[201.67,297.61],[201.51,297.14],[183.18,284.24],[165.18,295.55],[164.97,296.01],[164.77,296.47],[164.56,296.93],[164.35,297.39],[164.14,297.84],[163.93,298.31],[163.72,298.77],[163.51,299.22],[163.31,299.68],[163.1,300.14],[162.89,300.59],[162.68,301.06],[162.47,301.52],[162.26,301.97],[162.06,302.43],[161.85,302.89],[161.64,303.35],[161.43,303.81],[161.22,304.27],[161.01,304.73],[161.02,304.74],[159.09,313.5],[182.41,335.45],[205.99,313.5],[206,313.5],[204.8,306.75],[204.64,306.22]],"c":true}}},{"ty":"fl","o":{"a":1,"k":[{"i":{"x":[0.67],"y":[1]},"o":{"x":[0.33],"y":[0]},"t":59,"s":[0]},{"t":109,"s":[100]}],"ix":5},"c":{"k":[1,0.4431,0,1]}},{"ty":"tr","o":{"k":100},"r":{"k":0},"p":{"k":[0,0]},"a":{"k":[0,0]},"s":{"k":[100,100]},"sk":{"k":0},"sa":{"k":0},"hd":false}]},{"ty":"gr","hd":false,"it":[{"ty":"sh","ks":{"k":{"i":[[0,0],[0,0],[0,4.68],[2.46,0],[0,-2.08],[0,0],[0.52,0],[0,0],[0,0.33],[0,0],[-6.65,0],[0,-5.53],[0,-4.29],[0,0],[0,0],[0.16,-0.16],[0.22,0.03],[0,0],[0.17,0.16],[-0.03,0.23]],"o":[[0,0],[0,-6.56],[0,-2],[-2.69,0],[0,0],[0,0.52],[0,0],[-0.47,0],[0,0],[0,-5.71],[6.65,0],[0,7.83],[0,0],[0,0],[0.03,0.22],[-0.16,0.16],[0,0],[-0.23,0.05],[-0.17,-0.16],[0,0]],"v":[[312,385.53],[312,384.26],[320.31,372.74],[316.2,369.39],[311.81,372.93],[311.81,373.45],[311.01,374.21],[306.01,374.03],[305.21,373.46],[305.21,372.94],[316.39,363.31],[327.11,372.52],[318.66,384.69],[318.66,385.54],[318.66,385.53],[318.45,386.12],[317.86,386.34],[312.86,386.34],[312.22,386.16],[312,385.53]],"c":true}}},{"ty":"sh","ks":{"k":{"i":[[0,0],[-1.48,0.69],[-1.19,-1.12],[0.6,-1.52],[1.64,-0.01],[0.07,2.14]],"o":[[-0.09,-1.64],[1.48,-0.69],[1.19,1.12],[-0.6,1.52],[-2.14,0.05],[0,0]],"v":[[311.58,393.13],[313.89,389.28],[318.32,390.01],[319.29,394.39],[315.58,396.91],[311.59,393.13]],"c":true}}},{"ty":"st","lc":1,"lj":1,"ml":10,"o":{"k":100},"w":{"k":1},"c":{"k":[1,0.4431,0,1]},"hd":false},{"ty":"tr","o":{"k":100},"r":{"k":0},"p":{"k":[0,0]},"a":{"k":[0,0]},"s":{"k":[75,75]},"sk":{"k":0},"sa":{"k":0},"hd":false}]},{"ty":"gr","hd":false,"it":[{"ty":"sh","ks":{"k":{"i":[[0,0],[0,0],[0,3.5],[1.84,0],[0,-1.56],[0,0],[0.39,0],[0,0],[0,0.25],[0,0],[-4.99,0],[0,-4.14],[0,-3.22],[0,0],[0.12,-0.12],[0.16,0.02],[0,0],[0.11,0.12],[-0.02,0.16]],"o":[[0,0],[0,-4.92],[0,-1.5],[-2.02,0],[0,0],[0,0.39],[0,0],[-0.35,0],[0,0],[0,-4.28],[4.99,0],[0,5.88],[0,0],[0.02,0.16],[-0.12,0.12],[0,0],[-0.16,0.01],[-0.11,-0.12],[0,0]],"v":[[123,83.54],[123,82.58],[129.23,73.94],[126.15,71.43],[122.86,74.09],[122.86,74.48],[122.26,75.04],[118.51,74.9],[117.91,74.48],[117.91,74.09],[126.29,66.86],[134.25,73.76],[127.91,82.9],[127.91,83.54],[127.76,83.98],[127.31,84.14],[123.56,84.14],[123.14,83.96],[123,83.54]],"c":true}}},{"ty":"sh","ks":{"k":{"i":[[0,0],[-1.11,0.52],[-0.89,-0.84],[0.45,-1.14],[1.23,0],[0.05,1.61]],"o":[[-0.07,-1.23],[1.11,-0.52],[0.89,0.84],[-0.45,1.14],[-1.61,0.05],[0,0]],"v":[[122.68,89.23],[124.42,86.35],[127.74,86.89],[128.47,90.18],[125.68,92.07],[122.66,89.25]],"c":true}}},{"ty":"fl","o":{"a":1,"k":[{"i":{"x":[0.67],"y":[1]},"o":{"x":[0.33],"y":[0]},"t":59,"s":[0]},{"t":109,"s":[100]}],"ix":5},"c":{"k":[1,0.4431,0,1]}},{"ty":"tr","o":{"k":100},"r":{"k":0},"p":{"k":[0,0]},"a":{"k":[0,0]},"s":{"k":[100,100]},"sk":{"k":0},"sa":{"k":0},"hd":false}]},{"ty":"gr","hd":false,"it":[{"ty":"sh","ks":{"k":{"i":[[0,0],[0,0],[0,6.8],[3.6,0],[0,-3.02],[0,0],[0.76,0],[0,0],[0,0.48],[0,0],[-9.68,0],[0,-8.03],[0,-6.25],[0,0],[0.23,-0.23],[0.32,0.04],[0,0],[0.22,0.23],[-0.04,0.32]],"o":[[0,0],[0,-9.54],[0,-2.95],[-3.91,0],[0,0],[0,0.76],[0,0],[-0.69,0],[0,0],[0,-8.3],[9.47,0],[0,11.39],[0,0],[0.04,0.32],[-0.23,0.23],[0,0],[-0.32,0.03],[-0.22,-0.22],[0,0]],"v":[[72,284],[72,282.15],[84.08,265.4],[78.08,260.53],[71.7,265.68],[71.7,266.43],[70.53,267.53],[63.19,267.26],[62.02,266.43],[62.02,265.68],[78.29,251.68],[93.85,265.06],[81.57,282.77],[81.58,284],[81.28,284.87],[80.41,285.17],[73.15,285.17],[72.29,284.86],[72,284]],"c":true}}},{"ty":"sh","ks":{"k":{"i":[[0,0],[-2.18,1.03],[-1.76,-1.66],[0.9,-2.24],[2.42,0.01],[0.1,3.13]],"o":[[-0.16,-2.41],[2.19,-1.03],[1.76,1.66],[-0.9,2.24],[-3.13,0.1],[0,0]],"v":[[71.38,295.05],[74.73,289.34],[81.28,290.38],[82.71,296.84],[77.22,300.54],[71.36,295.05]],"c":true}}},{"ty":"st","lc":1,"lj":1,"ml":10,"o":{"k":100},"w":{"k":1},"c":{"k":[1,0.4431,0,1]},"hd":false},{"ty":"tr","o":{"k":100},"r":{"k":0},"p":{"k":[0,0]},"a":{"k":[0,0]},"s":{"k":[75,75]},"sk":{"k":0},"sa":{"k":0},"hd":false}]},{"ty":"gr","hd":false,"it":[{"ty":"sh","ks":{"k":{"i":[[0,0],[0,0],[0,4.04],[2.12,0],[0,-1.8],[0,0],[0.45,0],[0,0],[0,0.29],[0,0],[-5.76,0],[0,-4.78],[0,-3.68],[0,0],[0,0],[0.14,-0.13],[0.19,0.02],[0,0],[0.13,0.13],[-0.02,0.19]],"o":[[0,0],[0,-5.68],[0,-1.75],[-2.32,0],[0,0],[0,0.45],[0,0],[-0.41,0],[0,0],[0,-4.94],[5.63,0],[0,6.75],[0,0],[0,0],[0.02,0.19],[-0.14,0.14],[0,0],[-0.18,0.02],[-0.14,-0.13],[0,0]],"v":[[264.62,61.32],[264.62,60.22],[271.8,50.25],[268.25,47.35],[264.45,50.41],[264.45,50.86],[263.75,51.52],[259.39,51.35],[258.69,50.86],[258.69,50.41],[268.38,42.08],[277.64,50.05],[270.33,60.55],[270.33,61.3],[270.34,61.3],[270.16,61.81],[269.64,61.99],[265.31,61.99],[264.81,61.82],[264.62,61.32]],"c":true}}},{"ty":"sh","ks":{"k":{"i":[[0,0],[-1.3,0.62],[-1.05,-0.98],[0.53,-1.34],[1.44,0],[0.66,0.61],[0.03,0.89]],"o":[[-0.1,-1.44],[1.3,-0.62],[1.05,0.98],[-0.53,1.34],[-0.9,0.03],[-0.66,-0.61],[0,0]],"v":[[264.25,67.9],[266.25,64.5],[270.14,65.1],[271.01,68.94],[267.75,71.16],[265.32,70.25],[264.25,67.9]],"c":true}}},{"ty":"fl","o":{"a":1,"k":[{"i":{"x":[0.67],"y":[1]},"o":{"x":[0.33],"y":[0]},"t":59,"s":[0]},{"t":109,"s":[100]}],"ix":5},"c":{"k":[0.9961,0.9608,0.7412,1]}},{"ty":"tr","o":{"k":100},"r":{"k":0},"p":{"k":[0,0]},"a":{"k":[0,0]},"s":{"k":[100,100]},"sk":{"k":0},"sa":{"k":0},"hd":false}]},{"ty":"gr","hd":false,"it":[{"ty":"sh","ks":{"k":{"i":[[0,0],[0,0],[0,8],[4.2,0],[0,-3.55],[0,0],[0.89,0],[0,0],[0,0.56],[0,0],[-11.4,0],[0,-9.44],[0,-7.36],[0,0],[0.27,-0.27],[0.38,0.04],[0,0],[0.27,0.26],[-0.04,0.37]],"o":[[0,0],[0,-11.25],[0,-3.48],[-4.61,0],[0,0],[0,0.89],[0,0],[-0.81,0],[0,0],[0,-9.75],[11.15,0],[0,13.42],[0,0],[0.04,0.38],[-0.27,0.27],[0,0],[-0.37,0.04],[-0.27,-0.26],[0,0]],"v":[[83.6,147.38],[83.6,145.2],[97.85,125.47],[90.82,119.73],[83.32,125.79],[83.32,126.68],[81.95,127.97],[73.3,127.65],[71.93,126.68],[71.93,125.79],[91.09,109.29],[109.44,125.04],[94.96,145.9],[94.96,147.36],[94.61,148.38],[93.59,148.73],[84.98,148.73],[83.96,148.39],[83.6,147.38]],"c":true}}},{"ty":"sh","ks":{"k":{"i":[[0,0],[-3.8,0],[0,-3.55],[3.71,0],[0.12,3.67]],"o":[[0,-3.55],[3.64,0],[0,3.55],[-3.67,0.09],[0,0]],"v":[[82.85,160.39],[89.8,153.93],[96.68,160.39],[89.72,166.86],[82.88,160.39]],"c":true}}},{"ty":"fl","o":{"a":1,"k":[{"i":{"x":[0.67],"y":[1]},"o":{"x":[0.33],"y":[0]},"t":59,"s":[0]},{"t":109,"s":[100]}],"ix":5},"c":{"k":[0.9961,0.9608,0.7412,1]}},{"ty":"tr","o":{"k":100},"r":{"k":0},"p":{"k":[0,0]},"a":{"k":[0,0]},"s":{"k":[100,100]},"sk":{"k":0},"sa":{"k":0},"hd":false}]},{"ty":"gr","hd":false,"it":[{"ty":"sh","ks":{"k":{"i":[[0,0],[0,0],[0,9.21],[4.85,0],[0,-4.1],[0,0],[1.03,0],[0,0],[0,0.64],[0,0],[-13.12,0],[0,-10.88],[0,-8.45],[0,0],[0.31,-0.31],[0.43,0.05],[0,0],[0.31,0.31],[-0.05,0.43]],"o":[[0,0],[0,-12.94],[0,-4],[-5.3,0],[0,0],[0,1.02],[0,0],[-0.93,0],[0,0],[0,-11.25],[12.84,0],[0,15.45],[0,0],[0.05,0.43],[-0.31,0.31],[0,0],[-0.43,0.05],[-0.31,-0.31],[0,0]],"v":[[280.25,253.96],[280.25,251.45],[296.63,228.73],[288.53,222.12],[279.88,229.11],[279.88,230.14],[278.29,231.64],[268.34,231.26],[266.76,230.15],[266.76,229.12],[288.82,210.14],[309.94,228.28],[293.28,252.28],[293.28,253.96],[292.87,255.13],[291.7,255.54],[281.84,255.54],[280.66,255.13],[280.25,253.96]],"c":true}}},{"ty":"sh","ks":{"k":{"i":[[0,0],[-4.38,0],[0,-4.1],[4.25,0],[0,4.1]],"o":[[0,-4.09],[4.19,0],[0,4.09],[-4.25,0],[0,0]],"v":[[279.41,268.96],[287.42,261.51],[295.33,268.96],[287.33,276.41],[279.41,268.94]],"c":true}}},{"ty":"fl","o":{"a":1,"k":[{"i":{"x":[0.67],"y":[1]},"o":{"x":[0.33],"y":[0]},"t":59,"s":[0]},{"t":109,"s":[100]}],"ix":5},"c":{"k":[1,0.4431,0,1]}},{"ty":"tr","o":{"k":100},"r":{"k":0},"p":{"k":[0,0]},"a":{"k":[0,0]},"s":{"k":[100,100]},"sk":{"k":0},"sa":{"k":0},"hd":false}]},{"ty":"gr","hd":false,"it":[{"ty":"sh","ks":{"k":{"i":[[0,0],[-0.49,-0.16],[0,0],[0.76,-3.64],[0.37,-2.16],[0,0.12],[3.89,0.86],[1.07,-0.81],[0.11,-1.34],[-1.92,-1.82],[-1.38,-0.5],[0.13,-0.83],[0.71,-3.89],[0.29,-1.34],[0,0.11],[3.89,0.87],[0,0],[1.07,-0.81],[0.11,-1.34],[-1.92,-1.83],[-1.61,-0.6],[0.39,-1.3],[0.34,-0.88],[0,0],[0.68,-1.57],[0.46,-1.04],[0,0.23],[3.69,1.45],[0,0],[1.18,-0.64],[0.31,-1.3],[-1.59,-2.11],[-0.69,-0.37],[0.75,-1.56],[1.59,-2.93],[0,0],[-2.16,4.8],[-0.82,1.95],[0,0],[-2,-0.24],[-0.36,-0.66],[1.49,-0.88],[2.92,-1.55],[0,0],[-3.7,2.33],[-1.75,1.17],[-2.71,-1.14],[-2.44,1.42],[0,0],[-0.32,1.3],[0.76,1.11],[3.39,-1.1],[1.3,-0.62],[-0.73,0.5],[-1.52,1.1],[0,0],[-0.73,0.61],[-1.6,1.62],[-2.27,-1.39],[-2.62,1.04],[-0.51,1.23],[0.58,1.21],[3.51,-0.58],[1.35,-0.39],[-0.93,1.02],[-2.64,3],[-0.81,0.92],[-2.55,-1.57],[-2.62,1.04],[-0.51,1.24],[0.58,1.21],[3.51,-0.58],[0.89,-0.3],[-1.87,1.91],[-2.82,2.23],[-2.61,-1.61],[-2.62,1.03],[0,0],[-0.51,1.24],[0.58,1.21],[3.51,-0.59],[1.28,-0.39],[0,0],[0,0],[-3.23,1.62],[-1.74,0.72],[-2.19,-1.7],[-2.7,0.74],[-0.64,1.17],[0.44,1.26],[3.55,-0.21],[1.42,-0.25],[-0.75,0.29],[-2.36,0.7],[-1.14,0.25],[-2.68,-0.49],[-2.07,1.91],[0,0],[-0.03,1.34],[0.98,0.92],[3.07,-1.8],[-0.06,-0.05],[0,0],[1.29,-0.34],[2.85,-1.01],[0,0],[2.94,-1.42],[2.97,-2.12],[0,0],[-0.12,0.23],[2.77,2.88],[0,0],[1.34,-0.09],[0.83,-1.05],[-0.59,-2.59],[-0.32,-0.41],[0,0],[2.64,-2.61],[1.5,-1.6],[-0.06,0.11],[2.77,2.87],[0,0],[1.34,-0.09],[0.83,-1.05],[-0.59,-2.59],[-0.88,-1.17],[0,0],[2.74,-2.84],[0.98,-0.96],[-0.05,0.14],[2.77,2.87],[1.34,-0.09],[0.83,-1.05],[-0.59,-2.59],[-1.04,-1.4],[1.05,-0.88],[0.77,-0.55],[0,0],[1.43,-0.94],[0.97,-0.61],[-0.16,0.18],[-0.3,3.12],[-0.16,0.31],[0.45,1.26],[1.24,0.51],[2.21,-2.79],[0.75,-1.23],[-0.33,0.83],[-0.66,1.76],[-0.29,0.88],[-0.28,0.91],[-0.45,2.23],[-2.67,0.09],[-1.64,2.3],[0,0],[0.25,1.32],[1.15,0.69],[2.61,-2.42],[0.9,-1.09],[-0.23,1.36],[-0.54,3.99],[-0.18,1.21],[-2.99,0.11],[-1.64,2.3],[0,0],[0.25,1.32],[1.15,0.69],[2.61,-2.43],[0.58,-0.75],[-0.54,2.62],[0,0],[-1.12,3.42],[-3.07,0.11],[-1.64,2.3],[0.25,1.32],[1.15,0.69],[2.62,-2.43],[0.85,-1.03],[0,0],[-1.79,3.14],[-1,1.55],[-2.78,-0.21],[-1.87,2.11],[0,0],[0.11,1.34],[1.07,0.81],[2.87,-2.12],[1.04,-1],[-0.47,0.65],[-1.57,1.88],[-0.79,0.87],[-2.5,1.07],[-0.7,2.73],[0,0],[0.71,1.13],[1.32,0.22],[1.57,-3.2],[-0.07,0],[0,0],[0.88,-1],[1.82,-2.41],[1.68,-2.8],[1.3,-3.41],[0,0],[0.02,0.25],[3.89,0.86],[0,0],[1.07,-0.81],[0.11,-1.34],[-1.92,-1.84]],"o":[[2.17,2.08],[0,0],[-1.24,3.51],[-0.46,2.11],[0,-1.01],[-0.33,-3.54],[-1.32,-0.25],[-1.07,0.81],[-0.33,2.8],[1.92,1.82],[-0.14,0.82],[-0.62,3.98],[-0.25,1.36],[0,-0.9],[-0.33,-3.55],[0,0],[-1.32,-0.25],[-1.07,0.81],[-0.33,2.79],[1.92,1.83],[-0.34,1.36],[-0.29,0.89],[0,0],[-0.65,1.62],[-0.46,1.09],[0.26,-1.36],[0.21,-3.55],[0,0],[-1.26,-0.45],[-1.18,0.64],[-0.75,2.71],[1.79,2.32],[-0.75,1.72],[-2.18,4.55],[0,0],[1.57,-3],[0.8,-1.75],[0,0],[1.95,0.48],[0.38,3],[-1.6,1.01],[-4.24,2.55],[0,0],[2.74,-1.55],[1.63,-1.02],[0.52,0.57],[2.45,1.03],[0,0],[1.18,-0.63],[0.32,-1.3],[-2.34,-3.23],[-0.2,0.07],[0.71,-0.48],[1.45,-0.99],[0,0],[0.75,-0.55],[1.67,-1.45],[0.87,1.26],[2.27,1.39],[1.27,-0.45],[0.52,-1.24],[-1.82,-3.55],[-0.22,0.04],[0.95,-0.97],[2.7,-2.93],[0.81,-0.93],[0.31,0.45],[2.25,1.39],[1.26,-0.45],[0.51,-1.24],[-1.82,-3.55],[-0.26,0.04],[1.8,-2.02],[2.5,-2.58],[0.14,0.21],[2.25,1.39],[0,0],[1.26,-0.45],[0.51,-1.24],[-1.82,-3.55],[-0.23,0],[0,0],[0,0],[2.89,-2.17],[1.77,-0.91],[0.59,1.12],[2.19,1.7],[1.3,-0.3],[0.64,-1.17],[-1.43,-3.75],[-0.2,0],[0.75,-0.31],[2.82,-1.07],[1.34,-0.39],[1.16,0.8],[2.68,0.49],[0,0],[1.02,-0.87],[0.03,-1.34],[-3,-2.65],[-0.27,0.16],[0,0],[-1.1,0.25],[-2.36,0.65],[0,0],[-3.09,1.07],[-3.3,1.57],[0,0],[0.69,-0.94],[1.68,-3.14],[0,0],[-0.96,-0.93],[-1.34,0.09],[-1.82,2.15],[0.66,2.93],[0,0],[-2.97,2.24],[-1.55,1.5],[0.58,-0.83],[1.68,-3.14],[0,0],[-0.95,-0.94],[-1.34,0.09],[-1.82,2.14],[0.59,2.59],[0,0],[-2.71,3],[-0.96,1],[0.51,-0.75],[1.68,-3.14],[-0.96,-0.94],[-1.34,0.08],[-1.82,2.15],[0.59,2.59],[-1.04,0.95],[-0.75,0.58],[0,0],[-1.44,1],[-1,0.65],[0.98,-0.99],[1.79,-2.57],[0.21,-0.28],[0.64,-1.18],[-0.45,-1.26],[-3.75,-1.4],[-0.14,0.16],[0.33,-0.8],[0.66,-1.62],[0.29,-0.86],[0.29,-0.88],[0.59,-2.14],[1.42,0.58],[2.67,-0.09],[0,0],[0.8,-1.07],[-0.26,-1.32],[-3.47,-1.96],[-0.16,0.16],[0.25,-1.34],[0.63,-3.94],[0.16,-1.22],[0.5,0.21],[2.66,-0.09],[0,0],[0.81,-1.07],[-0.25,-1.32],[-3.48,-1.95],[-0.2,0.18],[0.38,-2.68],[0,0],[0.67,-3.54],[0.23,0.1],[2.66,-0.1],[0.81,-1.07],[-0.26,-1.32],[-3.48,-1.95],[-0.17,0.16],[0,0],[1.2,-3.41],[0.98,-1.74],[1.11,0.61],[2.66,0.2],[0,0],[0.92,-0.98],[-0.11,-1.34],[-3.24,-2.32],[-0.15,0.11],[0.47,-0.69],[1.75,-2.45],[0.91,-1.06],[1.4,0],[2.5,-1.07],[0,0],[0.37,-1.29],[-0.71,-1.14],[-3.95,-0.57],[-0.14,0.28],[0,0],[-0.75,0.82],[-1.61,1.84],[-1.99,2.59],[-1.89,3.13],[0,0],[0.07,-1.17],[-0.33,-3.55],[0,0],[-1.32,-0.25],[-1.07,0.81],[-0.29,2.8],[0,0]],"v":[[234.89,121.93],[243.68,126.34],[243.68,126.34],[240.68,137.07],[239.46,143.5],[239.46,141.45],[232.52,130.39],[228.77,131.25],[226.91,134.62],[230.44,142.12],[238.96,146.44],[238.55,148.92],[236.62,160.77],[235.78,164.82],[235.78,163.05],[228.83,151.98],[228.83,151.97],[225.09,152.85],[223.24,156.22],[226.75,163.72],[235,167.93],[233.94,171.97],[233.1,174.6],[232.15,177.19],[230.15,182.06],[228.75,185.23],[229.5,180.97],[224.31,168.97],[224.32,168.98],[220.48,169.27],[218.14,172.32],[220.48,180.28],[228.45,185.94],[226.15,190.89],[220.38,202.2],[222.55,203.75],[228.29,191.89],[230.72,186.31],[230.72,186.32],[236.65,187.4],[240.14,196.19],[235.49,199.05],[224.61,205.21],[226.97,206.9],[236.72,201.07],[241.81,197.75],[249.31,204.04],[257.61,204.29],[257.6,204.29],[259.96,201.26],[259.27,197.48],[246.36,195.49],[242.77,197.12],[244.9,195.68],[249.29,192.56],[251.46,190.88],[253.65,189.04],[258.55,184.42],[264.84,191.52],[273,193.02],[275.79,190.38],[275.69,186.53],[263.23,182.61],[259.18,183.75],[262.03,180.8],[270.01,171.8],[272.45,169.04],[278.93,176.41],[287.1,177.91],[289.89,175.27],[289.79,171.43],[277.32,167.5],[272.6,168.86],[278.08,162.92],[286.07,155.69],[292.58,163.12],[300.75,164.62],[300.74,164.62],[303.53,161.98],[303.43,158.14],[290.96,154.22],[286.74,155.41],[286.63,155.21],[286.64,155.21],[295.85,149.5],[301.1,147.1],[306.65,155],[314.6,157.39],[317.66,155.07],[317.98,151.24],[306.03,145.99],[302.46,146.57],[304.79,145.64],[312.6,143.07],[316.3,142.06],[324.83,146.49],[332.98,144.95],[332.98,144.95],[334.62,141.47],[333.14,137.93],[320.11,138.76],[316.03,141.88],[316.1,141.93],[312.52,142.81],[304.63,145.23],[304.64,145.23],[295.59,148.98],[286.16,154.53],[286.07,154.61],[288.74,150.77],[289.05,137.7],[289.05,137.7],[285.45,136.37],[282.04,138.15],[280.83,146.36],[285.73,154.88],[285.73,154.88],[277.3,162.17],[272.74,166.86],[273.88,165.16],[274.2,152.11],[274.19,152.11],[270.59,150.77],[267.19,152.56],[265.97,160.76],[270.71,169.06],[269,170.91],[260.85,179.71],[257.92,182.63],[258.91,181.13],[259.22,168.07],[255.62,166.73],[252.21,168.52],[251,176.73],[255.58,184.81],[252.46,187.59],[250.3,189.32],[248.09,190.96],[243.73,193.92],[240.82,195.79],[243.82,192.65],[247,183.97],[247.55,183.08],[247.84,179.25],[245.18,176.47],[233.32,181.94],[231.22,185.28],[232.21,182.89],[234.14,177.88],[235.03,175.27],[235.84,172.54],[237.38,165.98],[246.54,168.44],[254.18,165.19],[254.18,165.19],[255.05,161.44],[252.84,158.3],[240.29,161.9],[237.54,165.09],[238.29,161.05],[239.98,149.12],[240.49,145.47],[249.97,148.05],[257.61,144.8],[257.6,144.8],[258.47,141.06],[256.27,137.91],[243.7,141.52],[240.52,145.27],[241.8,137.3],[241.81,137.3],[244.5,126.86],[254.03,129.46],[261.67,126.22],[262.54,122.47],[260.33,119.32],[247.77,122.93],[244.91,126.25],[244.71,126.14],[249.21,116.3],[252.21,111.4],[261.21,114.93],[269.16,112.54],[269.16,112.55],[270.43,108.92],[268.58,105.55],[255.7,107.75],[253.05,110.2],[254.48,108.14],[259.57,101.68],[262.1,98.8],[271.66,97.79],[277.61,92.01],[277.61,92.01],[277.07,88.2],[273.86,86.06],[263.45,93.95],[261.77,98.8],[261.86,98.8],[259.36,101.51],[254.11,107.88],[248.61,115.97],[243.82,125.8],[243.77,125.93],[243.88,121.25],[236.93,110.18],[236.93,110.18],[233.19,111.05],[231.34,114.42],[234.89,121.93]],"c":true}}},{"ty":"fl","o":{"a":1,"k":[{"i":{"x":[0.67],"y":[1]},"o":{"x":[0.33],"y":[0]},"t":59,"s":[0]},{"t":109,"s":[100]}],"ix":5},"c":{"k":[0.9725,0.8824,0.3216,1]}},{"ty":"tr","o":{"k":100},"r":{"k":0},"p":{"k":[0,0]},"a":{"k":[0,0]},"s":{"k":[100,100]},"sk":{"k":0},"sa":{"k":0},"hd":false}]},{"ty":"gr","hd":false,"it":[{"ty":"sh","ks":{"k":{"i":[[0,0],[-0.2,0.22],[1.91,3.52],[0,0],[1.31,0.27],[1.08,-0.8],[0.12,-2.66],[0,-0.01]],"o":[[0,0.07],[2.45,-2.59],[0,0],[-0.68,-1.16],[-1.31,-0.27],[-2.32,1.6],[-0.14,3.12],[0,0]],"v":[[301.42,146.44],[305.37,143.17],[309.12,130.65],[309.12,130.65],[306,128.41],[302.24,129.23],[298.91,136.83],[301.42,146.44]],"c":true}}},{"ty":"fl","o":{"a":1,"k":[{"i":{"x":[0.67],"y":[1]},"o":{"x":[0.33],"y":[0]},"t":59,"s":[0]},{"t":109,"s":[100]}],"ix":5},"c":{"k":[0.9725,0.8824,0.3216,1]}},{"ty":"tr","o":{"k":100},"r":{"k":0},"p":{"k":[0,0]},"a":{"k":[0,0]},"s":{"k":[100,100]},"sk":{"k":0},"sa":{"k":0},"hd":false}]},{"ty":"gr","hd":false,"it":[{"ty":"sh","ks":{"k":{"i":[[0,0],[-0.01,0],[-0.06,0.31],[3.5,1.86],[0,0],[1.24,-0.5],[0.46,-1.26],[-1.37,-2.28]],"o":[[1.61,2.68],[0.01,0],[0.61,-3.5],[0,0],[-1.2,-0.59],[-1.25,0.5],[-1.09,2.61],[0,0]],"v":[[244.71,104.03],[252.11,110.65],[253.61,105.75],[249.86,93.24],[249.86,93.25],[246.02,93.1],[243.34,95.86],[244.71,104.03]],"c":true}}},{"ty":"fl","o":{"a":1,"k":[{"i":{"x":[0.67],"y":[1]},"o":{"x":[0.33],"y":[0]},"t":59,"s":[0]},{"t":109,"s":[100]}],"ix":5},"c":{"k":[0.9725,0.8824,0.3216,1]}},{"ty":"tr","o":{"k":100},"r":{"k":0},"p":{"k":[0,0]},"a":{"k":[0,0]},"s":{"k":[100,100]},"sk":{"k":0},"sa":{"k":0},"hd":false}]},{"ty":"gr","hd":false,"it":[{"ty":"sh","ks":{"k":{"i":[[0,0],[-0.21,0.34],[-2.61,-1.2],[-1.56,-0.64],[0.07,0.02],[1.31,-2.78],[0,0],[-0.43,-0.94],[-0.99,-0.31],[-1.75,1.12],[-0.61,0.95],[0,0],[-2.8,-1.23],[-0.96,-0.44],[0.09,0.01],[1.32,-2.78],[-0.43,-0.94],[-0.99,-0.3],[-1.71,1.12],[-0.73,1.12],[-0.92,-0.52],[-0.6,-0.4],[0,0],[-1.07,-0.78],[-0.7,-0.52],[0.17,0.04],[1.71,-2.54],[-0.28,-1],[-0.93,-0.46],[-1.88,0.86],[-0.36,0.46],[-1.04,-0.84],[-1.92,-1.7],[0,0],[3.23,2.45],[1.3,0.95],[0,0],[-0.53,1.46],[-0.56,0.16],[-0.41,-1.27],[-0.67,-2.48],[0,0],[1.12,3.19],[0.59,1.52],[-1.31,1.83],[0.64,2.08],[0,0],[0.92,0.46],[0.96,-0.38],[-0.25,-2.73],[-0.24,-1.1],[0.29,0.63],[0.56,1.34],[0.3,0.65],[0.34,0.66],[0.94,1.5],[-1.44,1.47],[0.33,2.12],[0,0],[0.84,0.6],[1,-0.23],[0.16,-2.74],[-0.07,-1.09],[0.6,0.88],[1.82,2.51],[0.55,0.77],[-1.61,1.64],[0.32,2.13],[0.84,0.6],[1.01,-0.23],[0.16,-2.74],[-0.07,-0.7],[1.11,1.72],[1.2,2.5],[-1.65,1.69],[0.32,2.12],[0,0],[0.84,0.6],[1,-0.23],[0.16,-2.74],[-0.07,-1.03],[0,0],[0,0],[0.66,2.71],[0.25,1.4],[-1.64,1.36],[0.08,2.17],[0,0],[0.77,0.68],[1.02,-0.12],[0.46,-2.71],[0.05,-1.11],[0.08,0.62],[0.13,1.88],[0.02,0.91],[-0.82,1.9],[1.07,1.89],[0,0],[1,0.25],[0.86,-0.57],[-0.83,-2.62],[-0.04,0.04],[0,0],[-0.06,-1.03],[-0.28,-2.32],[0,0],[-0.56,-2.45],[-1.09,-2.6],[0,0],[0.15,0.13],[2.62,-1.59],[0,0],[0.16,-1.02],[-0.65,-0.8],[-2.05,-0.01],[-0.37,0.19],[0,0],[-1.52,-2.43],[-0.95,-1.39],[0.08,0.07],[2.62,-1.59],[0.16,-1.02],[-0.65,-0.8],[-2.05,-0.01],[-1.04,0.46],[-0.35,-0.53],[-1.7,-2.54],[-0.55,-0.9],[0.07,0.06],[2.62,-1.59],[0,0],[0.16,-1.02],[-0.65,-0.8],[-2.05,-0.01],[-1.23,0.55],[-0.47,-0.94],[-0.27,-0.67],[-0.28,-0.64],[-0.48,-1.24],[-0.29,-0.82],[0.11,0.13],[2.3,0.75],[0.21,0.17],[1.03,-0.12],[0.59,-0.84],[-1.72,-2.14],[-0.8,-0.77],[0,0],[1.18,0.82],[0,0],[0.65,0.36],[1.59,0.69],[-0.41,2.02],[1.45,1.61],[1.03,0.03],[0.71,-0.75],[-1.36,-2.38],[-0.66,-0.86],[0.98,0.4],[2.91,1.06],[0.89,0.34],[-0.43,2.27],[1.46,1.61],[0,0],[1.03,0.03],[0.71,-0.74],[-1.37,-2.38],[-0.46,-0.53],[1.88,0.83],[2.37,1.43],[-0.45,2.32],[1.45,1.61],[0,0],[1.03,0.03],[0.71,-0.75],[-1.36,-2.38],[-0.64,-0.82],[0,0],[0,0],[2.05,1.89],[0.98,1.04],[-0.64,2.05],[1.26,1.75],[0,0],[1.02,0.14],[0.79,-0.66],[-1.09,-2.51],[-0.57,-0.95],[0.41,0.46],[1.14,1.51],[0.53,0.74],[0.38,2.06],[1.93,0.96],[0.97,-0.34],[0.39,-0.95],[-2.13,-1.72],[-0.02,0.05],[0,0],[0,0.02],[-0.59,-0.84],[-1.5,-1.78],[0,0],[-1.82,-1.74],[-2.34,-1.55],[0,0],[0.2,0.02],[1.32,-2.78],[0,0],[-0.43,-0.95],[-0.99,-0.3],[-1.71,1.13]],"o":[[1.93,-1.27],[2.42,1.53],[1.5,0.7],[-0.75,-0.2],[-2.72,-0.36],[0,0],[-0.42,0.95],[0.43,0.94],[2.04,0.75],[1.75,-1.12],[0,0],[2.89,1.15],[0.98,0.42],[-0.68,-0.16],[-2.72,-0.36],[-0.41,0.95],[0.43,0.94],[2.05,0.75],[1.71,-1.12],[0.96,0.49],[0.61,0.37],[0,0],[1.1,0.75],[0.75,0.54],[-0.98,-0.43],[-2.63,-0.75],[-0.56,0.87],[0.28,0.99],[1.91,1.03],[2.05,-0.94],[1.16,0.88],[3.05,2.41],[0,0],[-2.01,-1.7],[-1.18,-0.89],[0,0],[0.69,-1.39],[2.3,0.23],[0.49,1.37],[1.18,3.62],[0,0],[-0.7,-2.32],[-0.49,-1.39],[0.52,-0.29],[1.19,-1.66],[0,0],[-0.27,-1],[-0.92,-0.46],[-2.83,1.21],[0,0.16],[-0.24,-0.62],[-0.5,-1.26],[-0.3,-0.64],[-0.31,-0.64],[-0.8,-1.5],[1.1,-0.43],[1.44,-1.47],[0,0],[-0.12,-1.03],[-0.84,-0.59],[-3,0.75],[0,0.16],[-0.57,-0.89],[-1.74,-2.53],[-0.56,-0.75],[0.39,-0.15],[1.43,-1.5],[-0.12,-1.02],[-0.84,-0.6],[-3,0.75],[0,0.21],[-1.21,-1.7],[-1.52,-2.32],[0.18,-0.07],[1.43,-1.5],[0,0],[-0.12,-1.02],[-0.84,-0.6],[-3,0.75],[0,0.18],[0,0],[0,0],[-1.14,-2.54],[-0.38,-1.5],[0.94,-0.25],[1.64,-1.36],[0,0],[-0.01,-1.03],[-0.77,-0.68],[-3.04,0.43],[0,0.14],[-0.1,-0.64],[-0.32,-2.3],[-0.06,-1.07],[0.79,-0.75],[0.82,-1.9],[0,0],[-0.48,-0.91],[-1,-0.25],[-2.5,1.79],[0.07,0.23],[0,0],[0,0.87],[0.08,1.89],[0,0],[0.27,2.5],[0.61,2.75],[0,0],[-0.59,-0.68],[-2.07,-1.8],[0,0],[-0.87,0.56],[-0.16,1.02],[1.3,1.73],[2.31,0],[0,0],[1.17,2.61],[0.87,1.42],[-0.52,-0.57],[-2.07,-1.79],[-0.87,0.56],[-0.16,1.02],[1.3,1.74],[2.05,0.01],[0.37,0.53],[1.77,2.54],[0.59,0.9],[-0.46,-0.51],[-2.07,-1.8],[0,0],[-0.87,0.56],[-0.16,1.02],[1.3,1.73],[2.05,0.01],[0.54,0.94],[0.32,0.64],[0.27,0.67],[0.5,1.26],[0.32,0.86],[-0.57,-0.9],[-1.63,-1.79],[-0.17,-0.21],[-0.78,-0.68],[-1.02,0.12],[-1.7,2.57],[0.1,0.13],[0,0],[-1.1,-0.75],[0,0],[-0.6,-0.38],[-1.5,-0.81],[0.68,-0.97],[0.41,-2.02],[-0.67,-0.79],[-1.03,-0.04],[-2.06,2.25],[0.09,0.15],[-0.96,-0.42],[-2.85,-1.15],[-0.89,-0.33],[0.25,-0.34],[0.39,-2.01],[0,0],[-0.67,-0.79],[-1.03,-0.03],[-2.06,2.25],[0.1,0.18],[-1.95,-0.75],[-2.54,-1.1],[0.11,-0.16],[0.38,-2.01],[0,0],[-0.66,-0.79],[-1.03,-0.04],[-2.06,2.25],[0.09,0.16],[0,0],[0,0],[-2.35,-1.5],[-1.15,-1.03],[0.64,-0.75],[0.64,-2.05],[0,0],[-0.58,-0.86],[-1.02,-0.14],[-2.3,2.04],[0.06,0.14],[-0.43,-0.47],[-1.5,-1.74],[-0.64,-0.86],[0.26,-1.05],[-0.38,-2.06],[-0.9,-0.5],[-0.97,0.34],[-1.1,2.86],[0.19,0.15],[0,0],[0,-0.02],[0.49,0.75],[1.11,1.5],[0,0],[1.61,1.93],[2.03,1.94],[0,0],[-0.86,-0.25],[-2.72,-0.36],[0,0],[-0.41,0.95],[0.43,0.94],[2.05,0.74],[0,0]],"v":[[104.39,294.29],[109.21,288.45],[116.75,292.55],[121.38,294.56],[119.88,294.2],[110.37,297.52],[110.37,297.52],[110.39,300.49],[112.62,302.45],[118.87,301.09],[123.56,295.42],[125.36,296.17],[133.93,299.65],[136.82,300.97],[135.5,300.66],[125.99,303.99],[126.02,306.96],[128.24,308.92],[134.49,307.56],[139.08,302.07],[141.92,303.57],[143.76,304.65],[145.54,305.8],[148.86,308.14],[151,309.73],[147.93,308.45],[138.04,310.29],[137.6,313.22],[139.49,315.5],[145.88,315.11],[151.48,310.09],[154.81,312.66],[162.31,318.93],[163.81,317.57],[155.89,311.23],[152.14,308.45],[152.14,308.45],[153.97,304.18],[161.17,303.06],[162.53,307.04],[165.29,316.28],[166.97,314.78],[164.25,306.45],[162.63,302.06],[168.63,297.51],[170.24,291.31],[170.23,291.31],[168.36,289.02],[165.4,288.89],[161.7,298.25],[162.31,301.25],[161.56,299.39],[159.97,295.56],[159.07,293.64],[158.07,291.68],[155.43,287.18],[161.86,283.67],[164.38,277.8],[164.37,277.8],[162.86,275.25],[159.96,274.67],[154.88,283.36],[155.05,286.6],[153.31,283.95],[147.91,276.41],[146.25,274.1],[152.9,270.5],[155.43,264.62],[153.92,262.07],[151.01,261.5],[145.93,270.19],[146.14,273.94],[142.63,268.81],[138.56,261.57],[145.25,257.95],[147.78,252.08],[147.78,252.07],[146.27,249.53],[143.37,248.95],[138.29,257.64],[138.46,261.02],[138.3,261.06],[138.3,261.06],[135.59,253.16],[134.67,248.83],[141.56,246.01],[144.71,240.44],[144.71,240.44],[143.49,237.75],[140.66,236.85],[134.66,244.94],[134.49,247.71],[134.19,245.8],[133.58,239.5],[133.47,236.54],[138.25,230.89],[138.48,224.5],[138.49,224.5],[136.16,222.67],[133.24,223.18],[131.63,233.12],[133.27,236.71],[133.32,236.67],[133.38,239.5],[133.84,245.85],[133.84,245.85],[135.09,253.27],[137.66,261.31],[137.7,261.4],[135.27,258.73],[125.52,256.27],[125.51,256.27],[123.89,258.75],[124.65,261.61],[130.61,263.93],[137.85,261.68],[137.85,261.68],[141.89,269.26],[144.62,273.48],[143.55,272.33],[133.8,269.86],[132.18,272.34],[132.94,275.2],[138.9,277.52],[145.93,275.38],[147.04,276.99],[152.29,284.61],[153.97,287.31],[153.04,286.32],[143.29,283.85],[143.3,283.85],[141.68,286.33],[142.44,289.19],[148.39,291.51],[155.25,289.45],[156.8,292.27],[157.73,294.18],[158.59,296.12],[160.09,299.91],[160.99,302.41],[159.14,299.65],[153.14,295.78],[152.57,295.21],[149.74,294.33],[147.2,295.85],[149.28,305.71],[151.43,307.85],[149.74,306.75],[146.3,304.43],[144.5,303.32],[142.57,302.25],[137.92,300],[141.33,293.54],[140.2,287.24],[137.53,285.95],[134.79,287.07],[135.34,297.12],[137.27,299.72],[134.37,298.48],[125.7,295.17],[123.03,294.16],[126.59,287.48],[125.46,281.19],[125.47,281.19],[122.8,279.9],[120.06,281.02],[120.62,291.07],[122.87,294.07],[117.11,291.73],[109.73,287.94],[113.31,281.23],[112.18,274.94],[112.18,274.93],[109.51,273.64],[106.77,274.76],[107.32,284.81],[109.34,287.54],[109.22,287.66],[109.22,287.66],[102.61,282.57],[99.45,279.46],[103.64,273.31],[103.2,266.93],[103.2,266.93],[100.69,265.36],[97.84,266.18],[97.29,276.24],[98.68,278.65],[97.38,277.23],[93.39,272.3],[91.66,269.91],[92.54,262.55],[89.21,257.09],[86.27,256.85],[84.11,258.88],[88.25,268.05],[91.61,270.14],[91.61,270.14],[91.61,270.07],[93.22,272.41],[97.11,277.45],[97.11,277.45],[102.25,282.96],[108.81,288.21],[108.9,288.26],[105.39,287.38],[95.89,290.71],[95.89,290.71],[95.92,293.68],[98.14,295.64],[104.39,294.29]],"c":true}}},{"ty":"fl","o":{"a":1,"k":[{"i":{"x":[0.67],"y":[1]},"o":{"x":[0.33],"y":[0]},"t":59,"s":[0]},{"t":109,"s":[100]}],"ix":5},"c":{"k":[0.9725,0.8824,0.3216,1]}},{"ty":"tr","o":{"k":100},"r":{"k":0},"p":{"k":[0,0]},"a":{"k":[0,0]},"s":{"k":[100,100]},"sk":{"k":0},"sa":{"k":0},"hd":false}]},{"ty":"gr","hd":false,"it":[{"ty":"sh","ks":{"k":{"i":[[0,0],[0.14,0.2],[2.96,-0.84],[0.43,-0.94],[-0.41,-0.95],[-1.98,-0.55],[-0.01,0.01]],"o":[[0.05,0],[-1.5,-2.25],[-0.98,0.31],[-0.43,0.94],[0.8,2.01],[2.33,0.65],[0,0]],"v":[[134.18,248.5],[132.4,244.98],[123.64,240.02],[121.41,241.98],[121.39,244.95],[126.53,248.75],[134.18,248.5]],"c":true}}},{"ty":"fl","o":{"a":1,"k":[{"i":{"x":[0.67],"y":[1]},"o":{"x":[0.33],"y":[0]},"t":59,"s":[0]},{"t":109,"s":[100]}],"ix":5},"c":{"k":[0.9725,0.8824,0.3216,1]}},{"ty":"tr","o":{"k":100},"r":{"k":0},"p":{"k":[0,0]},"a":{"k":[0,0]},"s":{"k":[100,100]},"sk":{"k":0},"sa":{"k":0},"hd":false}]},{"ty":"gr","hd":false,"it":[{"ty":"sh","ks":{"k":{"i":[[0,0],[0,0.01],[0.21,0.09],[2,-2.34],[-0.16,-1.02],[-0.86,-0.56],[-1.95,0.63]],"o":[[2.25,-0.75],[0,-0.01],[-2.53,-1.07],[-0.64,0.8],[0.16,1.01],[1.77,1.26],[0,0]],"v":[[92.62,283.86],[98.86,279.43],[95.44,277.48],[85.39,278.18],[84.64,281.03],[86.25,283.5],[92.62,283.86]],"c":true}}},{"ty":"fl","o":{"a":1,"k":[{"i":{"x":[0.67],"y":[1]},"o":{"x":[0.33],"y":[0]},"t":59,"s":[0]},{"t":109,"s":[100]}],"ix":5},"c":{"k":[0.9725,0.8824,0.3216,1]}},{"ty":"tr","o":{"k":100},"r":{"k":0},"p":{"k":[0,0]},"a":{"k":[0,0]},"s":{"k":[100,100]},"sk":{"k":0},"sa":{"k":0},"hd":false}]},{"ty":"tr","o":{"k":100},"r":{"k":0},"p":{"k":[0,0]},"a":{"k":[0,0]},"s":{"k":[100,100]},"sk":{"k":0},"sa":{"k":0},"hd":false}]},{"ty":"tm","s":{"a":0,"k":0,"ix":1},"e":{"a":1,"k":[{"i":{"x":[0.27],"y":[1]},"o":{"x":[0.5],"y":[0]},"t":0,"s":[0]},{"t":66,"s":[100]}],"ix":2},"o":{"a":0,"k":0,"ix":3},"m":1,"ix":2,"hd":false}]}],"meta":{"g":"LF SVG to Lottie"}}